{"cameraMode":{"drawMode":0,"name":"Shaded","section":"Shading Mode"},"sceneLighting":true,"audioPlay":false,"sceneViewState":{"showFog":true,"showMaterialUpdate":false,"showSkybox":true,"showFlares":true,"showImageEffects":true,"showParticleSystems":true},"in2DMode":false,"pivot":{"x":14.474039077758789,"y":-21.759464263916017,"z":6.560091018676758},"rotation":{"x":0.3965145945549011,"y":0.5708522200584412,"z":-0.3656526803970337,"w":0.61903315782547},"size":28.16413688659668,"orthographic":false}