{"cameraMode":{"drawMode":0,"name":"Shaded","section":"Shading Mode"},"sceneLighting":true,"audioPlay":false,"sceneViewState":{"showFog":true,"showMaterialUpdate":false,"showSkybox":true,"showFlares":true,"showImageEffects":true,"showParticleSystems":true},"in2DMode":false,"pivot":{"x":-3.236161231994629,"y":-14.646038055419922,"z":24.134578704833986},"rotation":{"x":-0.32141172885894778,"y":0.278810054063797,"z":-0.0996287614107132,"w":-0.8994629383087158},"size":29.348875045776368,"orthographic":false}