{"cameraMode":{"drawMode":0,"name":"Shaded","section":"Shading Mode"},"sceneLighting":true,"audioPlay":false,"sceneViewState":{"showFog":true,"showMaterialUpdate":false,"showSkybox":true,"showFlares":true,"showImageEffects":true,"showParticleSystems":true},"in2DMode":false,"pivot":{"x":-6.1382551193237309,"y":-16.206436157226564,"z":20.02497673034668},"rotation":{"x":-0.3353712260723114,"y":0.3497561514377594,"z":-0.1357361227273941,"w":-0.8641600012779236},"size":38.219871520996097,"orthographic":false}